,Sepal_Length,Sepal_Width,Petal_Length,Petal_Width
count,150,150,150,150
mean,5.843333,3.057333,3.758,1.199333
std,0.828066,0.435866,1.765298,0.762238
min,4.3,2,1,0.1
25%,5.1,2.8,1.6,0.3
50%,5.8,3,4.35,1.3
75%,6.4,3.3,5.1,1.8
max,7.9,4.4,6.9,2.5